srcFile	srcPage	orientationApplied	formType	folio	permitDate	permitNo	dateCkd	REMARKS_changes	changeKeywords	permitStatus	fullTranscription
part01	1	0	photo	(none on face)	-	-	-	Front elevation, 2-story frame apartment building, street sign at right, parked car; edge date stamp NOV 67	building photo / apartment	NA	B&W photo of two-story wood-frame apartment building (Cabana Club Gardens), front/side view from street. Balcony and exterior stairs visible. Film edge date stamp: NOV . 67 (November 1967).
part01	2	180	photo	30.6007090003	-	-	11-20-67	Back of photo p1; handwritten folio and date plus initials	folio note	NA	Reverse of photo. Handwritten (upright after 180 rotation): folio 30.6007090003 ; illegible cursive initials ; date 11-20-67.
part01	3	0	photo	(none on face)	-	-	-	Rear/side elevation of same 2-story building, exterior walkway/breezeway and utility drop; edge date stamp NOV 67	building photo / apartment / open walkway	NA	B&W photo, oblique rear/side view of same apartment building showing open exterior walkway (breezeway) and end wall. Film edge date stamp NOV . 67.
part01	4	180	photo	30.6007090003	-	-	11-20-67	Back of photo p3; same handwritten folio and date	folio note	NA	Reverse of photo. Handwritten folio 30.6007090003 ; illegible initials ; date 11-20-67.
part01	5	0	photo	(none on face)	-	-	-	Side elevation of same building with landscaping/trees, open second-floor gallery; edge date stamp NOV 67	building photo / apartment / gallery	NA	B&W photo, side view of the apartment building with trees, open second-floor gallery/walkway. Film edge date stamp NOV . 67.
part01	6	180	photo	30.6007090003	-	-	11-20-67	Back of photo p5; same handwritten folio and date	folio note	NA	Reverse of photo. Handwritten folio 30.6007090003 ; illegible initials ; date 11-20-67.
part02	1	0	PA-card	30-6007-09-003 (written 30-C007 09 003)	1966 (DATE PERMIT)	(blank)	11-20-67	Master 1960s Property Appraiser card. Field-visit remark rows note "add CB Wall" (yr 70 line, TAB 14056) and "L?nie - 4/23/70" (yr 71 line, TAB-455?); no PERMIT NO. entered.	CB wall / concrete block wall / possible lanai(?)	EXPOSURE	Header: DATE PERMIT 1966 | AMT PERMIT (blank) | PERMIT NO. (blank) | DATE CK'D 11-20-67 | DEPUTY TG. FOLIO 30-C007 09 003 (=30-6007-09-003) w/ "41". LEGAL DESC'PT: Cabana Club Gdns apts, lot 3 Blk 1. PB 78-85. ADDRESS OF PROP: [struck-through 2010?] SW 202 DRIVE, 109?0 (3/8 ambiguous, later records = 10980). MAIL ADDRESS: per B&Z. BUILDINGS points col: TYPE BLDG apt (2); MATERIAL CBS(?) 31; STORIES 2; FOUND conc; FLOORS terr; BED ROOMS 20; BATHS 16; ROOF H-? ; PLUMBING; ELECTRIC. Value grid (OPERATORS/FOLIO/PLATES/YR/LAND/IMPR/TOTAL/REMARKS): 68 IMPR 89,950 REM N-B; 69 IMPR 86,240 REM Def 25; 70 LAND OK IMPR 89950 REM R 10yr; 70 IMPR 90280 REM 100%; TAB 14056 yr70 IMPR n/k REM "add CB Wall"; TAB-455? yr71 IMPR 112,850 REM "L?nie - 4/23/70"; TAB-2730 yr73 IMPR n/k. D-12.
part02	2	0	other	(none)	-	-	-	Field dimension sketch of building footprint	field sketch / 2 story / open porch	NA	FIELD R'MARKS field-measurement sketch (form 509.01-14). Dimensioned rectangle 138 x 40; notation "2 STORY", circled "1.8", dated 1966; edge notes O/P 1st & 2nd 1/2 x 4.8, 1/3 x 1.8, corner dims 6,40,17,6. DIM O.K. No permit number.
part03	1	270	permit-slip	30-6007-009-0030 (also 30-6007-09-0030)	ISSUE 02/89 ACT 89/03/06	89037613	-	Computer-label PERMIT ADDITIONS card. Printed permit record: ADD-ALT TO CONDO APT / ALTER EXTERIOR under PERMIT NO. 89037613. Handwritten note col also records "CODE-90 ALT. Roof 12/7/89".	alteration / add-alt condo apt / alter exterior / roof alteration	SAFE	METROPOLITAN DADE COUNTY TAX ASSESSMENT DEPARTMENT - PERMIT ADDITIONS. Label 1: FOLIO 30-6007-009-0030 DIST 06; ADDRESS 10980 SW 202 DR; PERMIT NO. 89037613; BLDG C 44 CLUC 0003; ADD-ALT TO CONDO APT; VALUE $0 ALTER EXTERIOR; TYPE 000; LEGAL ISSUE 02/89 ACT 89/03/06; 7 56 40 .57 AC M/L PB 78-85; CABANA CLUB GDNS APTS SEC 1; LOT 3 BLK 1. Label 2 (SITUS JUN 2001): 30-6007-09-0030; 10980 SW 202 DR; LOT SIZE 24829 SQUARE FEET; LAND USE 03 = MULTI FAMILY. Handwritten NOTES: "N/C 95 4/4/95 m"; "R/5 Calc 02: 6-27-02 BCC"; "08 7/10/02"; "CODE-90 ALT. Roof 12/7/89 J.Steph?"; "Coded 12-26-89 A.Ryers?"; "10/20 1975 T&F# 5302  117,406"; "15% Econ obso"; "'94 R/S Phys adj 4/94 CM ck'd 5/3/94 GDC".
part03	2	0	other	(none)	-	-	-	Divider/label sheet, near-blank	divider	NA	Blank back of card; large handwritten marker "D7 / P3".
part03	3	270	points-card	30-6007-009-0030	-	(PERMIT boxes blank)	-	Building points/rate card. All four PERMIT boxes empty. EXTRA FEATURE line records "CBS WALL" 72 units.	CBS wall / concrete block wall	EXPOSURE	FOLIO 30-6007-009-0030 CARD. RATE/CLASS 1; BUILDING NO 1; TYPE CONSTR 1; YEAR BUILT 66; EFFECTIVE AGE 81; DEPR CODE 2; CLUC 0003; SLUC 0300; % COMPLETE 100; FLOORS 2; BEDROOMS 20; BATHS 16; LIVING UNITS 16. POINTS & GRADE: EXTERIOR 17, ELECTRICAL 7, PLUMBING 9, INTERIOR 24, FLOOR FINISH 6, ROOF TYPE 8, ROOF MATERIAL 6, DECKING -, FOUNDATION 10, STRUCTURAL FR 5, MISC -, TOTAL POINTS 112, GRADE +4, TOTAL PTS & GRADE 116. EXTRA FEATURE: CD 136.00, DESCRIPTION "CBS WALL", UNITS 072. Four PERMIT boxes all blank.
part03	4	0	blank-form	(none)	-	-	-	Blank white page (back of points card)	-	NA	Blank page; small ink smudge upper right. No content.
part03	5	90	points-card	30-6007-009-0030	-	(PERMIT boxes blank)	-	Second copy/scan of the same building points card as p3 (identical point values); PERMIT boxes blank; EXTRA FEATURE "CBS WALL" 072 units.	CBS wall / concrete block wall	EXPOSURE	Duplicate of part03 p3 points card. FOLIO 30-6007-009-0030. Same POINTS & GRADE (EXTERIOR 17, ELECTRICAL 7, PLUMBING 9, INTERIOR 24, ROOF TYPE 8, ROOF MAT 6, FOUNDATION 10, STRUCTURAL FR 5, TOTAL PTS 112, GRADE +4, TOTAL 116). EXTRA FEATURE "CBS WALL" units 072. PERMIT boxes blank.
part03	6	0	blank-form	(blank)	-	-	-	Blank DIMENSIONS worksheet template	-	NA	Blank form 509.01-68 (8/96): FOLIO / ADDR blank; four empty DIMENSIONS grids each ending "TOTAL ADJUSTED SQUARE FEET". No data entered.
part03	7	90	other	30 6007 009 0030	BASE PERMIT DT 07/10/2002 (system)	0000191 (base/MISC placeholder)	-	Dot-matrix Building/TPB valuation printout 7/10/2002. Records EXTRA FEATURE "WALL CBS" 672 units yr built 1966. BASE PERMIT NO. 0000191 is a system MISC placeholder (not a real building permit).	CBS wall / concrete block wall	EXPOSURE	FOLIO 30 6007 009 0030, PROP ADDR 10980 SW 202 DR, DATE PRINTED 7/10/2002. LEGAL 7 56 40 .57 AC M/L PB 78-85, CABANA CLUB GDNS APTS SEC 1, LOT 3 BLK 1. LOT SIZE 24829 SQ FT. OR 17421-0049 0896. BASE PERMIT REALTY CGG TYPE MISC DT 07/10/2002 NO. 0000191. BLDG 01 DESC APTS; YR BLT 1966; EFF AGE 1981; FLOORS 2; LIV UNIT 16; BATHS 16; BED RMS 20; CLUC 3; SLUC 300; ZONING 5000. SPEC POINTS: GRADE +4, FOUNDATION 10, EXTERIOR 17, STRUCTURAL FRAME 5, ROOF TYPE 8, ROOF MATERIAL 6, FLOOR FINISH 6, ELECTRICAL 7, PLUMBING 9, INTERIOR 44, TOT PTS & GRADE 116, INSP DATE 07/2002. EXTRA FEATURE: LN1 COD 136 "WALL CBS" price/unit 3.00, units 672.00, yr blt 1966, PC GD 82, value 1,653. REPLACEMENT COST 452,528; total adjusted value 425,376; total adj sqft 11,146.
part03	8	0	blank-form	(blank)	-	-	-	Blank continuous-feed (fanfold) sheet	-	NA	Blank dot-matrix fan-fold page (tractor-feed holes only). No content.
part03	9	0	other	30-6007-009-0030	-	-	6-27-02	Miami-Dade Property Appraiser Narrative History Card. Single admin entry, no physical change.	admin recalc / no change	NA	MIAMI-DADE COUNTY PROPERTY APPRAISER - NARRATIVE HISTORY CARD (REV 03-01). FOLIO # 30-6007-009-0030. Entry DATE 6-27-02: "R/S Calc 02"; note "C/ pts to new appr. system"; initials "BCC". Rest of card blank.
part03	10	0	blank-form	(blank)	-	-	-	Blank white page	-	NA	Blank page. No content.
part03	11	0	other	30 6007 009 0030	-	PERMIT 0000000000 (none)	INSP 04 1994 / 6-27-02	Building Inquiry screen print. PERMIT field all zeros (no permit on file at this screen). X-Features value 1653 (the CBS wall).	CBS wall (x-feature) / no permit on screen	NA	BUILDING INQUIRY (PTXM0580). FOLIO 30 6007 009 0030, PROP ADDR 10980 SW 202 DR. TYPE PAAB DATE 08302001 NO 10525. XF 2 CLUC 0003 SLUC 0300 MULTIFAMILY 10 UNITS PLUS. LOT SIZE 24829 SQ FT. PERMIT 0000000000. BLDG 01 RATE KEY 01 APTS. CONST CD 1, A/C Y, YR BLT 1966, EFF AGE 1981, LIV UNITS 16, BEDROOMS 20, BATHS 16, BLDG X-FEATURES VALUE 1653. Points: EXTERIOR 31, ELECTRIC 5, PLUMBING 11, INTERIOR 30, FL FINISH 12, ROOF TYPE 8, ROOF MAT 4, GRADE 4, PTS&GD 105. REPL COST 409,616. INSP 04 1994 RS DMGASSM. Date 6/27/02.
part03	12	0	blank-form	(blank)	-	-	-	Blank white page	-	NA	Blank page; two small ink specks top right. No content.
part03	13	0	other	30 6007 009 0030	-	PERMIT (blank column)	6-27-02	Building Extra Features screen print. Lists CBS wall extra feature; PERMIT column blank; year built 1966.	CBS wall / concrete block wall	EXPOSURE	BUILDING EXTRA FEATURES (PTXM0590). FOLIO 30 6007 009 0030 BLDG 01. EXTRA FEATURE VALUE 1653. LN 01 CODE 136 DESC "WALL CBS" YR BLT 1966, PRICE 3.00, NO. UNITS 672.00, PERMIT (blank), PC GD 82, VALUE 1653. Date 6/27/02.
part03	14	0	blank-form	(blank)	-	-	-	Blank white page	-	NA	Blank page; small ink speck top right. No content.
