case,opened,address,folio,owner,mailing,lot_sqft,condo_legal,sfr,dor,year_built,inspector,violation,last_activity,classification,class_note,numbers,district,owner_type,sample
20200202745,1/30/2020,13220 SW 279 TER,30-6935-016-0290,AURELIO A PEREZ,"13220 SW 279TH TER , HOMESTEAD FL 33032",5000,False,YES,0101 RESIDENTIAL - SINGLE FAMILY : 1 UNIT,,Daniel Solares,"AS PER CASE # 20170181867-B -- ADDITION, TIKI HUT, POOL AND SHED",11/23/2022,EXPIRED/STALLED,EXPIRED/STALLED - legalization permits C2021062650/C2021062307/C2021062550/C2021066307/C2016191773 opened post-citation then expired/stalled in zoning review per case activity log (as of 11/23/2022); no further case activity since 01/30/2023,C2021062650 · C2021062307 · C2021062550 · C2021066307 · C2016191773,9,Person,True
20200202400,1/14/2020,13301 SW 47 ST,30-4923-032-1660,ANA M MONTES,"13301 SW 47TH ST , MIAMI FL 33175",10495,True,YES,0101 RESIDENTIAL - SINGLE FAMILY : 1 UNIT,,John Diez,BATTING CAGE WAS INSTALLED WITH ILLEGAL ELECTRICAL FIXTURES. SHED ALSO ON PROPERTY INSTALLED WITHOUT PERMITS AS NOTED UNDER CASE # 20150173417-B.,9/19/2024,OPEN/CALL,OPEN/CALL - no corrective permit or application found; case log confirms as of 09/19/2024 'no permits or applications to address violations',C0000006505,10,Person,True
20200202517,1/21/2020,1151 NW 117 ST,30-2135-021-0290,EMPIRE LEGACY MANAGMENT CORP,"20761 NE 8TH PATH , MIAMI FL 33179",,False,YES,0101 RESIDENTIAL - SINGLE FAMILY : 1 UNIT,,Daniel Solares,"AS NOTED UNDER CASE # 20160178899-U --- as per cu report, addition front storage and metal structure with bathroom in setbacks, addition rear with bedroom, bathroom and connections for kitchen sink, utility with electric",10/3/2024,OPEN/CALL,"OPEN/CALL - no corrective permit pulled after 1/21/2020 citation; only prior permit on file is 2016045138 (pre-citation); case log 10/3/2024 confirms structures B,C,F still unaddressed",2016045138,2,Company/Trust,True
20200202202,1/6/2020,13264 NW 6 ST,30-4902-029-0100,ASDRUBAL ESPINOSA &W,"13264 NW 6TH ST , MIAMI FL 33182-1649",7800,False,YES,0101 RESIDENTIAL - SINGLE FAMILY : 1 UNIT,,Daniel Solares,TRAILER AND SHED LIKE STRUCTURE INTALLED ON THE PROPERTY WITHOUT PERMIT AND USED AS LIVING UNITS.,9/28/2026,OPEN/CALL,"OPEN/CALL - 8/14/2026 field check states 'No permits obtained or applied for to address violations'; structure B removed but unpermitted trailer, roof structure, windows/door and fence replacement observed; county now emailing FPL weekly to disconnect power",,12,Person,True
20200205476,9/24/2020,2953 NW 54 ST,30-3116-009-5950,J''POURE CORP,"2953 NW 54TH ST , MIAMI FL 33142-2827",,False,NO,,,Daniel Solares,DILAPIDATED ROOF STRUCTURE REPORTED BY ONC,4/7/2022,OPEN/CALL,"OPEN/CALL - no permit or process number ever pulled; owner (Maria Arellano) actively meeting with county as recently as 9/2/2026 re: a required non-compliance agreement, but no engineer report or permit drawings actually submitted as of the log",,3,Company/Trust,True
20200202754,1/31/2020,16201 SW 42 TER,30-4920-030-0260,IVETTE CHONG,"16201 SW 42ND TER , MIAMI FL 33185",9536,False,YES,0104 RESIDENTIAL - SINGLE FAMILY : RESIDENTIAL - TOTAL VALUE,,John Diez,AS PER CASE # 20170182305-B --- TWO CHICKEES HUTS AND AN ATTACHED ALUMINUM ROOF WITH WALLS.,6/13/2023,EXPIRED/STALLED,"EXPIRED/STALLED - prior corrective process C2019148196 (intended to remove 3 structures) was filed and allowed to expire; no permit application of any kind since, confirmed through case's last activity 6/13/2023 ('No permits have been obtained...No permit applications have been submitted'); quiet 3+",C2019148196,11,Person,True
20200202512,1/21/2020,25702 SW 138 CT,30-6927-019-0210,MARGARITA V DE BENITO,"25702 SW 138TH CT , HOMESTEAD FL 33032-5519",5317,False,YES,0104 PERMIT OBTAINED - NOV COMPLIANCE,,Jose Broche,AS PER CASE # 20160177059-B --- Built terrace in the rear without permit. Windows are sealed except for the bathroom windows. Garage carpet installed and convert into a living area without permits.,8/26/2026,OPEN/CALL,"OPEN/CALL - no permit ever obtained for the core violations (structure A garage conversion, structure B terrace); confirmed as recently as 8/26/2026 field check, which also found NEW unpermitted work (replaced windows/doors, metal fence/gates) added since the last check",,9,Person,True
20200202715,1/30/2020,25571 SW 122 CT,30-6925-014-0420,ISAAC CABALLEIRO,"25571 SW 122ND CT , HOMESTEAD FL 33032",8625,False,YES,0104 RESIDENTIAL - SINGLE FAMILY : RESIDENTIAL - TOTAL VALUE,,Jose Broche,AS PER CASE # 20160180173-B --- Detached roof structure built without permits. Additions added to permitted gazebo without permits.,9/9/2026,EXPIRED/STALLED,"EXPIRED/STALLED - permit 2022009840 (BLDG 0002, partial demo addressing structures B/C/D) issued 11/11/2021 but EXPIRED 10/1/2023 with no approved inspections, confirmed again at 9/9/2026 field check which also found new unpermitted windows; Panel Order non-compliance since 4/13/2022","Book 33140, Page 4217 · 2022009840",8,Person,True
20200202533,1/22/2020,15226 SW 21 LN,30-4909-003-1510,ANIBAL COBOS,"15226 SW 21ST LN , MIAMI FL 33185-5705",5250,False,YES,0105 RESIDENTIAL - SINGLE FAMILY : CLUSTER HOME,,Mario Martinez,"AS PER CASE # 20180191197-B ---- ATTACHED ALUMINUM REAR STRUCTURE, CANVAS FRAMEWORK",9/30/2024,OPEN/CALL,"OPEN/CALL - process C2021146073 (BLDG 082, legalize window/door replacement) filed but never approved/released ('has not been approved' 7/8/2022); Panel Order recorded 7/15/2022 (Bk 33289 Pg 4284); 9/30/2024 field check confirms metal gate/awning structures still remain, property occupied; no activi","Book 33289, Page 4284 · C2021146073",11,Person,True
20200202456,1/16/2020,12035 SW 173 TER,30-5936-005-5130,JENIFFER PEREZ,"12035 SW 173RD TER , MIAMI FL 33177-2242",7800,False,YES,0101 RESIDENTIAL - SINGLE FAMILY : 1 UNIT,,Daniel Solares,Shed converted to bedroom and house converted into multifamily use without permits 3 rooms in the main house and 1 in the shed without permits. 2 renters cook outside and 1 renter cook inside and 1 in the shed cook outsi,8/24/2026,OPEN/CALL,OPEN/CALL - no permit ever obtained across 6+ years (process C2019228126 for windows/doors was submitted but 'permit not obtained'); structure F (shed) self-removed but all other structures remain; 8/24/2026 field check found new unpermitted windows/doors and an AC mini-split; owner (Jennifer Perez),"Book 33167, Page 2688 · C2019228126 · C2026168016",9,Person,True
20200203012,2/11/2020,13408 SW 68 TER,30-4926-003-0220,CARL CASTELLANOS,"13408 SW 68TH TER , MIAMI FL 33183-2378",7586,False,YES,0101 RESIDENTIAL - SINGLE FAMILY : 1 UNIT,,Daniel Solares,AS PER CASE #20170183615-B --- rear addition.,9/4/2026,OPEN/CALL,"OPEN/CALL - no permit ever obtained on this case; Panel hearing WITHDRAWN 3/23/2023 due to a pending foreclosure/bankruptcy (U.S. Bank Trust Natl Assoc v. Carl Castellanos, Case 21-020161-CA-01, Miami-Dade Circuit Court); 9/4/2026 field check found a new front door and new metal fence installed with","Book 33510, Page 869",10,Person,True
20200205374,9/17/2020,5925 NW 110 ST,30-2036-004-0170,LUIS B GOMEZ,"5925 NW 110TH ST , MIAMI FL 33012-6514",7883,False,YES,0101 RESIDENTIAL - SINGLE FAMILY : 1 UNIT,,Daniel Solares,FIRE DAMAGED STRUCTURE REPORTED ON LOCAL NEWS. MULTIPLE EFFICIENCIES.,9/23/2026,OPEN/CALL,"OPEN/CALL - fire-damaged dwelling; no permit ever obtained for repairs (structures B/C self-removed/demolished by owner, no permit); Panel Order recorded 2/24/2023 then extended 7/20/2023; Vacate Letter posted 12/23/2024; most recent activity 9/23/2026 is a new enforcement referral 'for fire damage ","Book 33593, Page 4163 · Book 33800, Page 2520",13,Person,True
20210206376,11/25/2020,16031 SW 110 ST,30-5908-010-0250,LILLIAM MEMBRENO,"16031 SW 110TH ST , MIAMI FL 33196",8344,False,YES,0101 RESIDENTIAL - SINGLE FAMILY : 1 UNIT,,Daniel Solares,Rear wood frame attached terrace with rotten support columns and excessive deflection of loading wood beams,4/17/2023,OPEN/CALL,"OPEN/CALL - Panel Order recorded 1/13/2023 (Bk 33539 Pg 3771) for structures A/B; structure B (cited rear terrace) self-demolished by owner by 3/21/2023, but the panel's compliance item (expired 1993 pool permit 1993047178; renewal attempt C2012038957 pre-dates this case) was confirmed 'remains expi","Book 33539, Page 3771 · C2012038957",11,Person,True
20200202534,1/23/2020,18302 SW 152 CT,30-5933-033-0170,MIGUEL A VILLAVICENCIO SHRIQUI,"18302 SW 152ND CT , MIAMI FL 33187",6300,False,YES,0104 RESIDENTIAL - SINGLE FAMILY : RESIDENTIAL - TOTAL VALUE,,Jose Broche,AS PER CASE # 20180191417-B --- STRUCTURE/TERRACE ADDED IN THE REAR OF THE PROPERTY WITHOUT PERMIT.,9/25/2024,OPEN/CALL,OPEN/CALL - no permit or application ever filed; 9/25/2024 field status check confirms property occupied/electrified with 'no active permit or applications to address violations',"Book 33359, Page 1480",9,Person,True
20200202739,1/30/2020,17025 SW 119 PL,30-5936-005-1920,ANIA FUENTES,"8371 SW 36TH ST , MIAMI FL 33155",7875,False,YES,0101 RESIDENTIAL - SINGLE FAMILY : 1 UNIT,,Daniel Solares,"AS PER CASE # --- ADDED BATHROOM, COVERED PATIO, TWO SHEDS. 8-11(A) VIOLATION(S): MISSING AHU AND CONDENSER UNIT",8/28/2026,EXPIRED/STALLED,EXPIRED/STALLED - permits 1993138675 and 2021083822 both confirmed expired since 10/3/2021; 2023 attempt (C2023162460) to re-issue stalled on an unreleased EFUS hold with no Internal Agreement ever requested; new unpermitted items found at both 2/17/2026 and 8/28/2026 field checks,"Book 33238, Page 1480 · C2023162460 · 2021083822",9,Person,True
20200202781,1/31/2020,14490 SW 162 ST,30-5927-009-2010,EDELBERTO ACOSTA BAZAR,"14490 SW 162ND ST , MIAMI FL 33177",8266,False,YES,0101 RESIDENTIAL - SINGLE FAMILY : 1 UNIT,,Jose Broche,AS PER CASE # 20170182668-B --- Constructed pergola and installed shed on property without obtaining required permits.,5/28/2026,OPEN/CALL,"OPEN/CALL - Panel Order recorded 8/1/2022 (Book 33314, Page 1074); structures C and D (two unpermitted pergolas encroaching setbacks) remain undemolished -- the one pre-existing process on file, C2017116174, expired and was rejected by zoning, and no corrective permit has ever been obtained; most re","Book 33314, Page 1074 · C2017116174 · 2020041975",9,Person,True
20200202511,1/21/2020,3501 NW 99 ST,30-3104-005-2153,BENJAMIN V REYES,"3501 NW 99TH ST , MIAMI FL 33147",13998,False,YES,0101 RESIDENTIAL - SINGLE FAMILY : 1 UNIT,,Daniel Solares,"AS PER CASE # 20160177042-B ----ATTACHED, DETACHED STRUCTURES, AREA ROOFS, WOOD FENCE, AND METAL COVER SCREEN FRONT PORCH. WITHOUT THE REQUIRED PERMITS.",10/3/2024,OPEN/CALL,"OPEN/CALL - SFR confirmed (DORCode 0101). No C- or W-prefixed corrective process number found anywhere in case log. Most recent activity 10/03/2024: ""NO PERMIT APPLICATION ACTIVITY FOUND IN GOLD KEY. ALL STRUCTURES REMAIN IN PLACE."" 2022 Board/Panel Order (demolish B-F in 120 days, permit structure ",20160177042-B · CASE # 20160177042-B,2,Person,True
20200203293,2/26/2020,12895 SW 58 LN,30-4926-060-0140,LIDIA RIAL,"12895 SW 58TH LN , MIAMI FL 33183-5419",7353,False,YES,0101 RESIDENTIAL - SINGLE FAMILY : 1 UNIT,,Daniel Solares,"AS PER CASE # 20180192707-B --- rear attached roof terrace, concrete structure encroaching rear setbacks, accordion shutters, front security bar with bolt lock.",2/3/2026,EXPIRED/STALLED,"EXPIRED/STALLED - SFR confirmed (DORCode 0101). Corrective process C2019001724 (reactivated 2023) led to master permit 2023054010 addressing structures B, C and the removal of E, but that permit EXPIRED 06/15/2024 with no record of inspection (reconfirmed 12/18/2024). Structure D (a pre-manufactured",C2019001724 · C2021129744 · C2025161356 · C2025162200 · 2023054010 · 2021061217 · 2025067939 · 2025067879,10,Person,True
20200202794,2/2/2020,15260 SW 156 AVE,30-5928-005-1230,ANDRES AUGUSTO MAPAL RAMIREZ,"15260 SW 156TH AVE , MIAMI FL 33187",35000,False,YES,0104 `,,Jose Broche,AS PER CASE # A2011001424-X ---EXPIRED PERMIT # 2010002809 FOR HOUSE STUDIO/ADDITION,7/27/2026,EXPIRED/STALLED,"EXPIRED/STALLED - Internal Agreement deadline 7/19/2026 passed, completion inspection 7/27/2026 found zero permits obtained on 9 of 13 cited structures, non-compliance notice sent",C2026006994 · C2026007567 · 2010002809 · 2015012695,9,Person,True
20200203849,4/23/2020,13101 SW 116 ST,30-5911-012-0210,TULIO GOMEZ &W MONICA,"13101 SW 116TH ST , MIAMI FL 33186-4656",14080,False,YES,0101 `,,Daniel Solares,REAR TERRACE ENCLOSED WITHOUT A PERMIT. TERRACE COMMENCED UNDER BLDG02 PERMIT 1994089050 (EXPIRED) AND LATER ENCLOSED. REFERRED FROM CASE 20180190783-B.,12/27/2023,OPEN/CALL,"OPEN/CALL - Non-Compliance with Panel Order since 6/14/2023, process C2023115487 not approved, impact-windows application C2026007103 frozen on EFUS hold pending Internal Agreement never signed, silent since 10/16/2025",20180190783-B · C2023115487 · C2026007103,7,Person,True
