ProcessNumber,PermitNumber,MasterPermitNumber,PermitType,ResidentialCommercial,ApplicationTypeDescription,ProposedUseDescription,DetailDescriptionComments,CategoryDescription1,CategoryDescription2,EstimatedValue,ApplicationDate,PermitIssuedDate,LastApprovedInspDate,CoCcDate,FolioNumber,PropertyAddress,City,OwnerName,ArchitectName,ContractorNumber,ContractorName,ContractorAddress,ContractorCity,ContractorZip,ContractorPhone,UnsafeCase
C2025001825,2025005153,0000000000,ELEC,R,ALTER - EXTERIOR,SINGLE FAM RES-CLUST-ZERO LOT-TOWN HOUSE,INST GATE MOTOR,ELECTRICAL,,500,2024-10-03,2024-10-28,2025-04-21,,3031040031895,2964 NW 96 ST,MIAMI,ONEIDA F TRUJILLO,NOT LISTED,,OWNER,7105 SW 8 ST,MIAMI,,,20200203008
C2025029528,2025023176,0000000000,BLDG,C,REPAIR,5 UNITS OR MORE  - RESIDENTIAL,DECK REPAIRS,GENERAL (COUNTY),,10830,2024-12-03,2025-02-04,2025-09-03,09/03/2025,3040050260001,540 W PARK DR,MIAMI,WEST LAKE VILLAGE II CONDO ASSOC,NOT LISTED,CGC1529784,COCHO INC,8600 NW 36 AVE,MIAMI,33147,(954)249-5536,F2019006462
C2025058379,2025024504,0000000000,BLDG,C,ALTER - EXTERIOR,5 UNITS OR MORE  - RESIDENTIAL,RPLC 5'WOOD FENCE,FENCE,,14190,2025-02-07,2025-02-11,2025-04-11,,3040050260001,540 W PARK DR                440,MIAMI,WEST LAKE VILLAGE II CONDO,NOT LISTED,CGC1529784,COCHO INC,8600 NW 36 AVE,MIAMI,33147,(954)249-5536,F2019006462
C2025058803,2025024858,0000000000,BLDG,C,RE-ROOF/REPAIR,5 UNITS OR MORE  - RESIDENTIAL,REROOF TILE,"METAL\, WOOD SHINGLES & SHAKES",,40838,2025-02-10,2025-02-12,2025-07-03,,3040050260001,540 W PARK DR                480,MIAMI,REFERENCE ONLY / LILLIAN VILORIO,NOT LISTED,CCC1332892,COCHO INC,8600 NW 36 AVE,MIAMI,33147,(954)249-5536,F2019006462
C2025059128,2025024851,0000000000,BLDG,C,FENCE NOMASONRY,5 UNITS OR MORE  - RESIDENTIAL,WOOD FENCE/BLDG 430,FENCE,,14190,2025-02-10,2025-02-12,2025-03-26,,3040050260001,540 W PARK DR,MIAMI,WEST LAKE VILLAGE II CONDO,NOT LISTED,CGC1529784,COCHO INC,8600 NW 36 AVE,MIAMI,33147,(954)249-5536,F2019006462
C2025059156,2025024843,0000000000,BLDG,C,RE-ROOF/REPAIR,5 UNITS OR MORE  - RESIDENTIAL,RE-ROOF,"METAL\, WOOD SHINGLES & SHAKES",,40838,2025-02-10,2025-02-12,2025-08-21,,3040050260001,540 W PARK DR,MIAMI,REF-ONLY WEST LAKE VILLAGE II CON,NOT LISTED,CCC1332892,COCHO INC,8600 NW 36 AVE,MIAMI,33147,(954)249-5536,F2019006462
C2025022581,2025025076,2025023176,BLDG,R,RE-ROOF/REPAIR,SINGLE FAM RES-CLUST-ZERO LOT-TOWN HOUSE,REROOF/TILE,"METAL\, WOOD SHINGLES & SHAKES",,40838,2024-11-18,2025-02-13,2025-08-21,,3040050260001,540 W PARK DR,MIAMI,WEST LAKE VILLAGE II CONDO ASSOC,NOT LISTED,CCC1332892,COCHO INC,8600 NW 36 AVE,MIAMI,33147,(954)249-5536,F2019006462
C2025058736,2025025071,0000000000,BLDG,C,FENCE NOMASONRY,5 UNITS OR MORE  - RESIDENTIAL,WOOD FENCE INSTALL,FENCE,,14190,2025-02-10,2025-02-13,2025-10-01,,3040050260001,540 W PARK DR                540,MIAMI,REFONLY/WEST LAKE VILLAGE,NOT LISTED,CGC1529784,COCHO INC,8600 NW 36 AVE,MIAMI,33147,(954)249-5536,F2019006462
C2025003581,2025026797,0000000000,BLDG,C,RE-ROOF/REPAIR,5 UNITS OR MORE  - RESIDENTIAL,RE-ROOF,"METAL\, WOOD SHINGLES & SHAKES",,31708,2024-10-08,2025-02-24,2025-07-03,,3040050260001,540 W PARK DR                450,MIAMI,REF ONLY/LILIAN VILORIO,NOT LISTED,CCC1332892,COCHO INC,8600 NW 36 AVE,MIAMI,33147,(954)249-5536,F2019006462
C2025007050,2025029838,0000000000,BLDG,C,RE-ROOF/REPAIR,5 UNITS OR MORE  - RESIDENTIAL,REROOF,"GRAVEL\, SBS\, SINGLE PLY\, ETC.",,144000,2024-10-17,2025-03-07,2025-05-30,,3040050260001,430 W PARK DR,MIAMI,REFONLY/WEST LAKE VILLAGE II,NOT LISTED,CCC057472,OMEGA ROOFING INC,11890 NW 87 CT #7,HIALEAH GARDENS,33018,(305)825-3422,F2019006462
C2025007560,2025029834,0000000000,BLDG,C,RE-ROOF/REPAIR,5 UNITS OR MORE  - RESIDENTIAL,FLAT ROOF,"GRAVEL\, SBS\, SINGLE PLY\, ETC.",,144000,2024-10-17,2025-03-07,2025-05-14,,3040050260001,450 W PARK DR,MIAMI,WEST LAKE VILLAGE II CONDO,NOT LISTED,CCC057472,OMEGA ROOFING INC,11890 NW 87 CT #7,HIALEAH GARDENS,33018,(305)825-3422,F2019006462
C2023183085,2025034589,0000000000,BLDG,R,ADDITION - DETACHED,SINGLE FAM RES-CLUST-ZERO LOT-TOWN HOUSE,PARTIAL DEMO,BUILDING (COUNTY),,3600,2023-09-29,2025-03-31,2026-05-04,,3040110020090,2145 SW 76 AVE,MIAMI,ELIA BETANCOURT,NOT LISTED,,OWNER,2145 SW 76 AVE,MIAMI,,,20200203110
C2025059558,2025034855,0000000000,BLDG,C,ADDITION - DETACHED,5 UNITS OR MORE  - RESIDENTIAL,WOOD FENCE INSTALL,FENCE,,14190,2025-02-11,2025-04-01,2025-07-21,,3040050260001,540 W PARK DR                420,MIAMI,REF/ WEST LAKE VILLAGE II CONDO,NOT LISTED,CGC1529784,COCHO INC,8600 NW 36 AVE,MIAMI,33147,(954)249-5536,F2019006462
C2025058710,2025035180,0000000000,BLDG,C,FENCE NOMASONRY,5 UNITS OR MORE  - RESIDENTIAL,FENCE,FENCE,,14190,2025-02-10,2025-04-02,2025-07-21,,3040050260001,540 W PARK DR,MIAMI,LILLIAN VILORIO/PRESIDENT,NOT LISTED,CGC1529784,COCHO INC,8600 NW 36 AVE,MIAMI,33147,(954)249-5536,F2019006462
C2024138002,2025042286,0000000000,BLDG,R,ALTER - INTERIOR,DUPLEX,CBS WAL/CONCRETE,BUILDING (COUNTY),FENCE,250000,2024-07-01,2025-05-02,,,3031220261110,2186 NW 47 ST,MIAMI,BRODMEN VENTURES LLC,NOT LISTED,CGC1528682,ARQUIDEK 3 LLC DBA:HAUS,2275 BISCAYNE BLVD,MIAMI,33137,(305)330-7802,20200202787
C2023064918,2025057504,0000000000,BLDG,R,ADDITION - DETACHED,SINGLE FAM RES-CLUST-ZERO LOT-TOWN HOUSE,DETACH GYM,BUILDING (COUNTY),FENCE,3000,2023-02-22,2025-07-11,2026-09-11,,3031040034430,2986 NW 93 ST,MIAMI,NEW WAY PROPERTY INVESTMENTS LLC,NOT LISTED,CGC1514018,REINIER ACEVEDO PA,281 NW 127 AVE,MIAMI,33182,(786)317-8986,20200202663
C2023064914,2025057500,0000000000,BLDG,R,ADDITION - ATTACHED,SINGLE FAM RES-CLUST-ZERO LOT-TOWN HOUSE,LEGAL ATTA ADDITION,BUILDING (COUNTY),FENCE,3000,2023-02-22,2025-07-11,2026-09-11,,3031040034430,2986 NW 93 ST,MIAMI,NEW WAY PROPERTY INVESTMENTS LLC,NOT LISTED,CGC1514018,REINIER ACEVEDO PA,281 NW 127 AVE,MIAMI,33182,(786)317-8986,20200202663
C2024103790,2026046235,0000000000,BLDG,R,ALTER - EXTERIOR,SINGLE FAM RES-CLUST-ZERO LOT-TOWN HOUSE,LEG ADDITION/TERR,BUILDING (COUNTY),WINDOWS,25000,2024-05-02,2026-05-18,,,3040130192760,6535 SW 39 ST,MIAMI,FERNANDO LAMAR,NOT LISTED,CGC1532268,JAW CAPITAL CORP,2701 PONCE DE LEON BLVD SUITE 300,CORAL GABLES,33134,(305)509-4104,20200203053
C2025061149,2025025616,0000000000,BLDG,C,RE-ROOF/REPAIR,5 UNITS OR MORE  - RESIDENTIAL,BLDG 510/ REROOF,"METAL\, WOOD SHINGLES & SHAKES",,40838,2025-02-13,2025-02-18,2025-06-24,,3040050260001,540 W PARK DR                 510,MIAMI,REF/WESTLAKE VILLAGE II CNDO ASSN,NOT LISTED,CCC1332892,COCHO INC,8600 NW 36 AVE,MIAMI,33147,(954)249-5536,F2019006462
C2025060873,2025025668,0000000000,BLDG,C,RE-ROOF/REPAIR,5 UNITS OR MORE  - RESIDENTIAL,RE-ROOF,"METAL\, WOOD SHINGLES & SHAKES",,18275,2025-02-13,2025-02-18,2025-09-25,,3040050260001,540 W PARK DR                470,MIAMI,REF-ONLY WEST LAKE VILLAGE II CON,NOT LISTED,CCC1332892,COCHO INC,8600 NW 36 AVE,MIAMI,33147,(954)249-5536,F2019006462
C2025061115,2025025498,0000000000,BLDG,C,RE-ROOF/REPAIR,5 UNITS OR MORE  - RESIDENTIAL,BLDG440/REROOF/TILE,"METAL\, WOOD SHINGLES & SHAKES",,18275,2025-02-13,2025-02-15,2025-04-28,,3040050260001,540 W PARK DR                440,MIAMI,REF/WESTLAKE VILLAGE II CONDO,NOT LISTED,CCC1332892,COCHO INC,8600 NW 36 AVE,MIAMI,33147,(954)249-5536,F2019006462
C2025062639,2025026565,0000000000,BLDG,C,RE-ROOF/REPAIR,5 UNITS OR MORE  - RESIDENTIAL,REROOF-BLDG420,"METAL\, WOOD SHINGLES & SHAKES",,18275,2025-02-18,2025-02-21,2025-09-30,,3040050260001,540 W PARK DR                420,MIAMI,REF/LILLIAN VILORIO PRES,NOT LISTED,CCC1332892,COCHO INC,8600 NW 36 AVE,MIAMI,33147,(954)249-5536,F2019006462
C2025062906,2025026559,0000000000,BLDG,C,RE-ROOF/REPAIR,APT BUILDING 3-4 UNITS,RE-ROOF,"METAL\, WOOD SHINGLES & SHAKES",,31780,2025-02-19,2025-02-21,2025-12-19,,3040050260001,540 W PARK DR,MIAMI,REFERENCE ONLY/WEST LAKE VILLAGE,NOT LISTED,CCC1332892,COCHO INC,8600 NW 36 AVE,MIAMI,33147,(954)249-5536,F2019006462
C2025062574,2025026235,0000000000,BLDG,C,RE-ROOF/REPAIR,5 UNITS OR MORE  - RESIDENTIAL,METAL REROOF,"METAL\, WOOD SHINGLES & SHAKES",,31780,2025-02-18,2025-02-20,2025-09-25,,3040050260001,540 W PARK DR       BLDG 400,MIAMI,RF FOLIO/LILIAN VILORIO PRESD,NOT LISTED,CCC1332892,COCHO INC,8600 NW 36 AVE,MIAMI,33147,(954)249-5536,F2019006462
C2025061605,2025026181,0000000000,BLDG,C,RE-ROOF/REPAIR,5 UNITS OR MORE  - RESIDENTIAL,RE-ROOF BLDG 530,"METAL\, WOOD SHINGLES & SHAKES",,40838,2025-02-14,2025-02-20,2025-06-24,,3040050260001,540 W PARK DR                530,MIAMI,REFERENCE ONLY/WEST LAKE VILLAGE,NOT LISTED,CCC1332892,COCHO INC,8600 NW 36 AVE,MIAMI,33147,(954)249-5536,F2019006462
C2025062237,2025026178,0000000000,BLDG,C,RE-ROOF/REPAIR,5 UNITS OR MORE  - RESIDENTIAL,REROOF,"METAL\, WOOD SHINGLES & SHAKES",,31780,2025-02-18,2025-02-20,2025-06-30,,3040050260001,540 W PARK DR                430,MIAMI,REFERENCE ONLY/ LILLIAN VILORIO,NOT LISTED,CCC1332892,COCHO INC,8600 NW 36 AVE,MIAMI,33147,(954)249-5536,F2019006462
C2025061656,2025026172,0000000000,BLDG,C,RE-ROOF/REPAIR,5 UNITS OR MORE  - RESIDENTIAL,RE ROOF TILED ROOF,"METAL\, WOOD SHINGLES & SHAKES",,31780,2025-02-14,2025-02-20,2025-08-21,,3040050260001,540 W PARK DR  BLDG          460,MIAMI,REFERENCE ONLY/WEST LAKE VILLA,NOT LISTED,CCC1332892,COCHO INC,8600 NW 36 AVE,MIAMI,33147,(954)249-5536,F2019006462
C2025066788,2025030632,0000000000,BLDG,R,RE-ROOF/REPAIR,SINGLE FAM RES-CLUST-ZERO LOT-TOWN HOUSE,REROOF,ASPHALT (FIBERGLASS) SHINGLE ROOFS,,9750,2025-02-26,2025-03-12,2025-08-22,,3069130112160,22825 SW 122 PL,MIAMI,ABEL GAMINO & MARISELA CORONA,NOT LISTED,,OWNER,1100 PARK CENTRAL BLVD,MIAMI,,,20200202343
C2025162200,2025067879,2023054010,ELEC,R,ADDITION - DETACHED,SINGLE FAM RES-CLUST-ZERO LOT-TOWN HOUSE,ADDITION DETACHED,ELECTRICAL,,7000,2025-08-25,2025-08-26,2026-08-13,,3049260600140,12895 SW 58 LN,MIAMI,LIDIA RIAL,ROBERTO C TOTH,,OWNER,7105 SW 8 ST,MIAMI,,,20200203293
C2025161356,2025067939,2023054010,PLUM,R,ADDITION - DETACHED,SINGLE FAM RES-CLUST-ZERO LOT-TOWN HOUSE,PLUM AS PER PLANS,PLUMBING,,7000,2025-08-22,2025-08-26,2025-08-31,,3049260600140,12895 SW 58 LN,MIAMI,LIDIA RIAL,ROBERTO C TOTH,,OWNER,7105 SW 8TH STREET,MIAMI,,,20200203293
C2025170617,2026003917,0000000000,BLDG,R,ALTER - INTERIOR,SINGLE FAM RES-CLUST-ZERO LOT-TOWN HOUSE,REMODELING,BUILDING (COUNTY),,150000,2025-09-11,2025-10-18,2026-08-17,,3049140012700,3721 SW 132 AVE,MIAMI,BREAKTHRU CONSTRUCTION CORP,NOT LISTED,CGC1525958,BREAKTHRU CONSTRUCTION CORP,6839 MAIN ST,MIAMI LAKES,33014,(305)557-5345,20200202529
C2026016580,2026010221,2026003917,BLDG,R,ALTER - INTERIOR,SINGLE FAM RES-CLUST-ZERO LOT-TOWN HOUSE,WNDW/EXT DOOR,WINDOWS,,150000,2025-11-03,2025-11-18,2026-01-30,,3049140012700,3721 SW 132 AVE,MIAMI,BREAKTHRU CONSTRUCTION CORP,NOT LISTED,CGC1525958,BREAKTHRU CONSTRUCTION CORP,6839 MAIN ST,MIAMI LAKES,33014,(305)557-5345,20200202529
C2025177571,2026012045,0000000000,BLDG,R,ADDITION - DETACHED,SINGLE FAM RES-CLUST-ZERO LOT-TOWN HOUSE,POOL AND SPA REMODE,SWIMMING POOL,,15000,2025-09-25,2025-11-26,2026-10-06,,3049140012700,3721 SW 132 AVE,MIAMI,BREAKTHRU CONSTRUCTION CORP,NOT LISTED,CGC1525958,BREAKTHRU CONSTRUCTION CORP,6839 MAIN ST,MIAMI LAKES,33014,(305)557-5345,20200202529
C2026028649,2026012715,2026003917,MECH,R,ALTER - INTERIOR,SINGLE FAM RES-CLUST-ZERO LOT-TOWN HOUSE,REMODELING- MECH,A/C - UNLTD,HEATING,150000,2025-12-01,2025-12-02,2026-01-07,,3049140012700,3721 SW 132 AVE,MIAMI,BREAKTHRU CONSTRUCTION CORP,NOT LISTED,12M000023,MIAMI MECHANICAL CONTRACTORS INC,5005 COLLINS AVE #1018,MIAMI BEACH,33140,(786)402-4457,20200202529
C2025089806,2026014595,0000000000,BLDG,R,ADDITION - ATTACHED,SINGLE FAM RES-CLUST-ZERO LOT-TOWN HOUSE,ADD LEGZ,BUILDING (COUNTY),FENCE,15000,2025-04-11,2025-12-11,,,3021350210210,1132 NW 118 ST,MIAMI,SYFFER QUICENO,NOT LISTED,CGC1519368,ARIZA BUILDERS INC,4140 SW 60 CT,MIAMI,33155,(786)586-6658,20200202706
C2026040936,2026017052,0000000000,ELEC,R,REPAIR,SINGLE FAM RES-CLUST-ZERO LOT-TOWN HOUSE,ELEC REPAIRS,ELECTRICAL,,2000,2025-12-23,2025-12-23,,,3040110020090,2145 SW 76 AVE,MIAMI,ELIA BETANCOURT,NOT LISTED,24E000153,MR ELECTRICAL SOLUTION CORP,5751 NW 117TH STREET,HIALEAH,33012,(305)915-4785,20200203110
C2026041769,2026018949,2026012045,PLUM,R,ADDITION - DETACHED,SINGLE FAM RES-CLUST-ZERO LOT-TOWN HOUSE,POOL AND SPA REMODE,POOL PIPING,,15000,2025-12-26,2026-01-08,2026-10-06,,3049140012700,3721 SW 132 AVE,MIAMI,BREAKTHRU CONSTRUCTION CORP,NOT LISTED,CFC1429842,MITO PLUMBING CORP,7879 NW 173RD ST,HIALEAH,33015,(786)942-9551,20200202529
C2026087004,2026037966,2025034589,PLUM,R,ADDITION - DETACHED,SINGLE FAM RES-CLUST-ZERO LOT-TOWN HOUSE,PARTIAL DEMO,PLUMBING,,3600,2026-04-03,2026-04-09,2026-05-04,,3040110020090,2145 SW 76 AVE,MIAMI,ELIA BETANCOURT,NOT LISTED,CFC1429174,TWIN BROTHERS PLUMBING CONTRACTORS COR,2040 NW SOUTH RIVER DR,MIAMI,33125,(305)332-1969,20200203110
C2026058579,2026051774,0000000000,BLDG,C,ALTER - EXTERIOR,OFFICE - PROFESSIONAL BUILDINGS,LEGALIZE TERR/FENCE,GENERAL (COUNTY),FENCE,3500,2026-02-06,2026-06-12,,,3031160097510,2775 NW 60 ST,MIAMI,3000 NW 62 STREET INC,NOT LISTED,CGC1508950,SERGIO A CACERES LLC,11000 SW 104 ST #1210,MIAMI,33116,(786)481-9011,20200202939
C2026009770,2026070456,0000000000,BLDG,C,ALTER - EXTERIOR,5 UNITS OR MORE  - RESIDENTIAL,CONCRETE REPAIR,GENERAL (COUNTY),,10000,2025-10-21,2026-09-09,2026-09-29,,3022060240001,303 NE 187 ST,MIAMI,STAR LAKES ESTS NO 7 CONDO,NOT LISTED,CGC1516430,ARIES LINKS LLC,253 NW 45 AVE,MIAMI,33126,(786)206-5775,F2019006392
C2026130506,2026057018,0000000000,BLDG,R,DEMOLISH,SINGLE FAM RES-CLUST-ZERO LOT-TOWN HOUSE,FULL DEMO,DEMOLITION,,20000,2026-07-06,2026-07-09,2026-09-29,,3031220261110,2186 NW 47 ST,MIAMI,BRODMEN VENTURES LLC,NOT LISTED,CGC048639,"A. GENESIS CONSTRUCTION\, LLC",2245 NW 177 TERR,MIAMI GARDENS,33056,(954)410-0172,20200202787
